{
  "template_name": "rujira_merge.jinja2",
  "parameters": {
    "merge": {
      "contracts": {
        "thor1yyca08xqdgvjz0psg56z67ejh9xms6l436u8y58m82npdqqhmmtqrsjrgh": {
          "contract_address": "thor1yyca08xqdgvjz0psg56z67ejh9xms6l436u8y58m82npdqqhmmtqrsjrgh",
          "config": {
            "merge_denom": "thor.rkuji",
            "merge_supply": 1000000000000000,
            "ruji_denom": "x/ruji",
            "ruji_allocation": 372461900000000,
            "decay_starts_at": 1746403200.0,
            "decay_ends_at": 1775347200.0,
            "max_rate": 0.3724619
          },
          "status": {
            "merged": 181866029591500,
            "shares": 67738166926242,
            "size": 67738166927105
          },
          "price_usd": 0.246985
        },
        "thor1yw4xvtc43me9scqfr2jr2gzvcxd3a9y4eq7gaukreugw2yd2f8tsz3392y": {
          "contract_address": "thor1yw4xvtc43me9scqfr2jr2gzvcxd3a9y4eq7gaukreugw2yd2f8tsz3392y",
          "config": {
            "merge_denom": "thor.wink",
            "merge_supply": 6900000000000000,
            "ruji_denom": "x/ruji",
            "ruji_allocation": 142708400000000,
            "decay_starts_at": 1746403200.0,
            "decay_ends_at": 1775347200.0,
            "max_rate": 0.020682376811594204
          },
          "status": {
            "merged": 991167126024200,
            "shares": 20499691982977,
            "size": 20499691983697
          },
          "price_usd": 0.01164926
        },
        "thor1suhgf5svhu4usrurvxzlgn54ksxmn8gljarjtxqnapv8kjnp4nrsw5xx2d": {
          "contract_address": "thor1suhgf5svhu4usrurvxzlgn54ksxmn8gljarjtxqnapv8kjnp4nrsw5xx2d",
          "config": {
            "merge_denom": "thor.fuzn",
            "merge_supply": 17173955200000000,
            "ruji_denom": "x/ruji",
            "ruji_allocation": 155931700000000,
            "decay_starts_at": 1746403200.0,
            "decay_ends_at": 1775347200.0,
            "max_rate": 0.009079545054362316
          },
          "status": {
            "merged": 1551370883642200,
            "shares": 14085741833062,
            "size": 14085741834055
          },
          "price_usd": 0.00623822
        },
        "thor14hj2tavq8fpesdwxxcu44rty3hh90vhujrvcmstl4zr3txmfvw9s3p2nzy": {
          "contract_address": "thor14hj2tavq8fpesdwxxcu44rty3hh90vhujrvcmstl4zr3txmfvw9s3p2nzy",
          "config": {
            "merge_denom": "thor.kuji",
            "merge_supply": 11234621200000000,
            "ruji_denom": "x/ruji",
            "ruji_allocation": 4184468200000000,
            "decay_starts_at": 1746403200.0,
            "decay_ends_at": 1775347200.0,
            "max_rate": 0.37246188594235824
          },
          "status": {
            "merged": 1737172037835000,
            "shares": 647030373318969,
            "size": 647030373418353
          },
          "price_usd": 0.246985
        },
        "thor1cnuw3f076wgdyahssdkd0g3nr96ckq8cwa2mh029fn5mgf2fmcmsmam5ck": {
          "contract_address": "thor1cnuw3f076wgdyahssdkd0g3nr96ckq8cwa2mh029fn5mgf2fmcmsmam5ck",
          "config": {
            "merge_denom": "thor.nstk",
            "merge_supply": 6500000000000000,
            "ruji_denom": "x/ruji",
            "ruji_allocation": 144429800000000,
            "decay_starts_at": 1746403200.0,
            "decay_ends_at": 1775347200.0,
            "max_rate": 0.02221996923076923
          },
          "status": {
            "merged": 0,
            "shares": 0,
            "size": 0
          },
          "price_usd": 0.01253
        },
        "thor1ltd0maxmte3xf4zshta9j5djrq9cl692ctsp9u5q0p9wss0f5lms7us4yf": {
          "contract_address": "thor1ltd0maxmte3xf4zshta9j5djrq9cl692ctsp9u5q0p9wss0f5lms7us4yf",
          "config": {
            "merge_denom": "thor.lvn",
            "merge_supply": 69525835400000000,
            "ruji_denom": "x/ruji",
            "ruji_allocation": 500000000000000,
            "decay_starts_at": 1746403200.0,
            "decay_ends_at": 1775347200.0,
            "max_rate": 0.0071915712644568955
          },
          "status": {
            "merged": 14047800329624000,
            "shares": 101025757177992,
            "size": 101025757179351
          },
          "price_usd": 0.00386052
        }
      },
      "all_denoms": "set not JSON-serializable"
    },
    "top_txs": [
      {
        "tx_id": "640B40A451F39DEB80881CECD367D8732618783697B6B81835C497D3DCD5F432",
        "height": 20697067,
        "from_address": "thor1fhr5s6awg0dud2g9pcm36xqgpxzr3lj0kr2zy8",
        "volume_usd": 10603.232783,
        "amount": 42809.0,
        "asset": "THOR.KUJI",
        "rate": 0.3724618858849775,
        "decay_factor": 1.0,
        "timestamp": 1744617853
      },
      {
        "tx_id": "22393930D7C45D3A154B6013C571B9068C9D0BCC744B39DC91E626A0BA128CDF",
        "height": 20696949,
        "from_address": "thor1crkvzk048lmm0w9gz2rd8g5j7myf98ypeghl90",
        "volume_usd": 6288.77293,
        "amount": 25390.0,
        "asset": "THOR.KUJI",
        "rate": 0.3724618858846002,
        "decay_factor": 1.0,
        "timestamp": 1744617125
      },
      {
        "tx_id": "6FCD6727D0A6D9C482EA3306A0093AEAF7698AA1BA6368FC9CF62539AB64E86A",
        "height": 20697754,
        "from_address": "thor1wrqk3m09z0gc03nl270vqpf2hss4tavxjlp9ys",
        "volume_usd": 5942.183322299999,
        "amount": 23907.3,
        "asset": "THOR.KUJI",
        "rate": 0.3724618858846461,
        "decay_factor": 1.0,
        "timestamp": 1744622098
      },
      {
        "tx_id": "B372C176CCE0AEE91B845B153DDB2DC4235EDFDB12C9AE30A6756AC7D44FF286",
        "height": 20697493,
        "from_address": "thor1cwmrs2h6wxupp2p38ehy7rsnnry4jhf5pr2t0z",
        "volume_usd": 1445.756989,
        "amount": 5810.5,
        "asset": "THOR.KUJI",
        "rate": 0.3724618858824542,
        "decay_factor": 1.0,
        "timestamp": 1744620487
      },
      {
        "tx_id": "F826131A944BEF6E9C9858C93BC3C22D9713CF5887962AB2B7DBDE92D2E1DE8D",
        "height": 20697465,
        "from_address": "thor1pnmfq28tjlf7f325pqj2xn03erzxgcnp730j4l",
        "volume_usd": 1422.492506,
        "amount": 5717.0,
        "asset": "THOR.KUJI",
        "rate": 0.37246188588420504,
        "decay_factor": 1.0,
        "timestamp": 1744620313
      },
      {
        "tx_id": "DBF5D6CD8B2803B8E80D9F3138DBC6C367CF2766AD4EC0E1FBF0483556EDD4D3",
        "height": 20696920,
        "from_address": "thor1vmm6cle3cc5e4nqtlkx6djh89pln6wg8qxdcyv",
        "volume_usd": 1270.059578571322,
        "amount": 5127.679606,
        "asset": "THOR.KUJI",
        "rate": 0.37246188588211104,
        "decay_factor": 1.0,
        "timestamp": 1744616945
      },
      {
        "tx_id": "5B3FA58ADD3C91BD031C038FD404E9F175C9686F4B68B2617EF3B8534CC5A5F6",
        "height": 20697486,
        "from_address": "thor1cwmrs2h6wxupp2p38ehy7rsnnry4jhf5pr2t0z",
        "volume_usd": 761.284583404156,
        "amount": 3059.604142,
        "asset": "THOR.RKUJI",
        "rate": 0.37246189999111323,
        "decay_factor": 1.0,
        "timestamp": 1744620444
      },
      {
        "tx_id": "85B1DD29EE49DE8E25325DE0136E40C55D07D31013AD72D0A06001D9DFDF6FD2",
        "height": 20696130,
        "from_address": "thor1g9zluy5ye6vfy9vknr4vrtv4ysqsxq5z8uurzk",
        "volume_usd": 618.71790464,
        "amount": 2496.32,
        "asset": "THOR.KUJI",
        "rate": 0.3724618858800154,
        "decay_factor": 1.0,
        "timestamp": 1744612052
      },
      {
        "tx_id": "87C4AF19EC22ACF4BA6A97999C66DC6393299C609A516EC21A15AE65CC2FF3D4",
        "height": 20697931,
        "from_address": "thor1gk20st3f9n6p0e4qznux7azpqtujxak7ecafk8",
        "volume_usd": 608.1667812091621,
        "amount": 2446.8490620000002,
        "asset": "THOR.RKUJI",
        "rate": 0.3724618999894812,
        "decay_factor": 1.0,