{
  "template_name": "rujira_merge.jinja2",
  "parameters": {
    "merge": {
      "contracts": [
        {
          "contract_address": "thor14hj2tavq8fpesdwxxcu44rty3hh90vhujrvcmstl4zr3txmfvw9s3p2nzy",
          "config": {
            "merge_denom": "thor.kuji",
            "merge_supply": 11234621200000000,
            "ruji_denom": "x/ruji",
            "ruji_allocation": 4184468200000000,
            "decay_starts_at": 1746403200.0,
            "decay_ends_at": 1775347200.0,
            "current_rate": 0.37246188594235824,
            "max_rate": 0.37246188594235824
          },
          "status": {
            "merged": 3063863118315800,
            "shares": 1141172235141132,
            "size": 1141172235317136
          },
          "price_usd": 0.252063
        },
        {
          "contract_address": "thor1yyca08xqdgvjz0psg56z67ejh9xms6l436u8y58m82npdqqhmmtqrsjrgh",
          "config": {
            "merge_denom": "thor.rkuji",
            "merge_supply": 1000000000000000,
            "ruji_denom": "x/ruji",
            "ruji_allocation": 372461900000000,
            "decay_starts_at": 1746403200.0,
            "decay_ends_at": 1775347200.0,
            "current_rate": 0.3724619,
            "max_rate": 0.3724619
          },
          "status": {
            "merged": 213125665096100,
            "shares": 79381190159420,
            "size": 79381190160456
          },
          "price_usd": 0.252063
        },
        {
          "contract_address": "thor1suhgf5svhu4usrurvxzlgn54ksxmn8gljarjtxqnapv8kjnp4nrsw5xx2d",
          "config": {
            "merge_denom": "thor.fuzn",
            "merge_supply": 17173955200000000,
            "ruji_denom": "x/ruji",
            "ruji_allocation": 155931700000000,
            "decay_starts_at": 1746403200.0,
            "decay_ends_at": 1775347200.0,
            "current_rate": 0.009079545054362316,
            "max_rate": 0.009079545054362316
          },
          "status": {
            "merged": 7818716202004600,
            "shares": 70990386018137,
            "size": 70990386023372
          },
          "price_usd": 0.00600781
        },
        {
          "contract_address": "thor1yw4xvtc43me9scqfr2jr2gzvcxd3a9y4eq7gaukreugw2yd2f8tsz3392y",
          "config": {
            "merge_denom": "thor.wink",
            "merge_supply": 6900000000000000,
            "ruji_denom": "x/ruji",
            "ruji_allocation": 142708400000000,
            "decay_starts_at": 1746403200.0,
            "decay_ends_at": 1775347200.0,
            "current_rate": 0.020682376811594204,
            "max_rate": 0.020682376811594204
          },
          "status": {
            "merged": 1727485923860200,
            "shares": 35728514812690,
            "size": 35728514814000
          },
          "price_usd": 0.01233124
        },
        {
          "contract_address": "thor1cnuw3f076wgdyahssdkd0g3nr96ckq8cwa2mh029fn5mgf2fmcmsmam5ck",
          "config": {
            "merge_denom": "thor.nstk",
            "merge_supply": 6500000000000000,
            "ruji_denom": "x/ruji",
            "ruji_allocation": 144429800000000,
            "decay_starts_at": 1746403200.0,
            "decay_ends_at": 1775347200.0,
            "current_rate": 0.02221996923076923,
            "max_rate": 0.02221996923076923
          },
          "status": {
            "merged": 0,
            "shares": 0,
            "size": 0
          },
          "price_usd": 0.01253
        },
        {
          "contract_address": "thor1ltd0maxmte3xf4zshta9j5djrq9cl692ctsp9u5q0p9wss0f5lms7us4yf",
          "config": {
            "merge_denom": "thor.lvn",
            "merge_supply": 69525835400000000,
            "ruji_denom": "x/ruji",
            "ruji_allocation": 500000000000000,
            "decay_starts_at": 1746403200.0,
            "decay_ends_at": 1775347200.0,
            "current_rate": 0.0071915712644568955,
            "max_rate": 0.0071915712644568955
          },
          "status": {
            "merged": 17138156897865200,
            "shares": 123250276670758,
            "size": 123250276672440
          },
          "price_usd": 0.00438631
        }
      ],
      "all_denoms": [
        "thor.kuji",
        "thor.fuzn",
        "thor.wink",
        "thor.nstk",
        "thor.lvn",
        "thor.rkuji"
      ],
      "decay_staring_in_sec": -996045
    },
    "top_txs": [
      {
        "tx_id": "B9550F189B5245F800E680DA92499182086584132CB3842218DD78522F926D50",
        "height": 20808471,
        "from_address": "thor1sf4xur9fttt6wk3hw9ljzw8dsk4p38gdpp44s4",
        "from_address_name": "",
        "volume_usd": 89712.43970282,
        "amount": 367705.58,
        "asset": "THOR.KUJI",
        "rate": 0.37246188588492457,
        "decay_factor": 1.0,
        "timestamp": 1745297322,
        "expected_output": 136956.31377721002
      },
      {
        "tx_id": "640B40A451F39DEB80881CECD367D8732618783697B6B81835C497D3DCD5F432",
        "height": 20697067,
        "from_address": "thor1kp68vjldscfw5ke6gktyaufkvq8gzh2kyfyuyn",
        "from_address_name": "",
        "volume_usd": 10603.232783,
        "amount": 42809.0,
        "asset": "THOR.KUJI",
        "rate": 0.3724618858849775,
        "decay_factor": 1.0,
        "timestamp": 1744617853,
        "expected_output": 15944.72087285
      },
      {
        "tx_id": "837CA33AA0F1BE9C2A31B7E7AFDBCB64CFE4E54D26F07D43C60A6AAEE1220E95",
        "height": 20810052,
        "from_address": "thor1l9dzxdfqz75v7u0waz6m3flad6dc4anj5z3r7y",
        "from_address_name": "",
        "volume_usd": 9589.159851999208,
        "amount": 39294.037978,
        "asset": "THOR.KUJI",
        "rate": 0.372461885884677,
        "decay_factor": 1.0,
        "timestamp": 1745306921,
        "expected_output": 14635.53148931
      },
      {
        "tx_id": "22393930D7C45D3A154B6013C571B9068C9D0BCC744B39DC91E626A0BA128CDF",
        "height": 20696949,
        "from_address": "thor1crkvzk048lmm0w9gz2rd8g5j7myf98ypeghl90",
        "from_address_name": "",
        "volume_usd": 6288.77293,
        "amount": 25390.0,
        "asset": "THOR.KUJI",
        "rate": 0.3724618858846002,
        "decay_factor": 1.0,
        "timestamp": 1744617125,
        "expected_output": 9456.80728261
      },
      {
        "tx_id": "6FCD6727D0A6D9C482EA3306A0093AEAF7698AA1BA6368FC9CF62539AB64E86A",
        "height": 20697754,
        "from_address": "thor1wrqk3m09z0gc03nl270vqpf2hss4tavxjlp9ys",
        "from_address_name": "",
        "volume_usd": 5942.183322299999,
        "amount": 23907.3,
        "asset": "THOR.KUJI",
        "rate": 0.3724618858846461,
        "decay_factor": 1.0,
        "timestamp": 1744622098,
        "expected_output": 8904.55804441
      },
      {
        "tx_id": "93BC248A7C22963331A43D9367B33091FA8662BF759983850442350E39C0774E",
        "height": 20808406,
        "from_address": "thor14kfmkctm8cn73hjlretj7u0ctwywu6agvh0g7n",
        "from_address_name": "",
        "volume_usd": 3726.535246,
        "amount": 15274.0,
        "asset": "THOR.KUJI",
        "rate": 0.3724618858845097,
        "decay_factor": 1.0,
        "timestamp": 1745296928,
        "expected_output": 5688.982845
      },
      {
        "tx_id": "B272D311F9615985448211B1D3BB624A190511B17F2ACEEE4F1D44B233719824",
        "height": 20805946,
        "from_address": "thor1sw2gpllcv4uyzgkf9au0wmgtv40wd34kf7q454",
        "from_address_name": "",
        "volume_usd": 2928.187964,
        "amount": 11999.0,
        "asset": "THOR.KUJI",
        "rate": 0.37246188588465706,
        "decay_factor": 1.0,
        "timestamp": 1745282058,
        "expected_output": 4469.17016873
      },
      {
        "tx_id": "B372C176CCE0AEE91B845B153DDB2DC4235EDFDB12C9AE30A6756AC7D44FF286",
        "height": 20697493,
        "from_address": "thor1kp68vjldscfw5ke6gktyaufkvq8gzh2kyfyuyn",
        "from_address_name": "",
        "volume_usd": 1445.756989,
        "amount": 5810.5,
        "asset": "THOR.KUJI",