{
  "template_name": "rujira_merge.jinja2",
  "parameters": {
    "merge": {
      "contracts": [
        {
          "contract_address": "thor14hj2tavq8fpesdwxxcu44rty3hh90vhujrvcmstl4zr3txmfvw9s3p2nzy",
          "config": {
            "merge_denom": "thor.kuji",
            "merge_supply": 11234621200000000,
            "ruji_denom": "x/ruji",
            "ruji_allocation": 4184468200000000,
            "decay_starts_at": 1746403200.0,
            "decay_ends_at": 1775347200.0,
            "current_rate": 0.3643223345469157,
            "decay_factor_now": 0.9781466192842403,
            "max_rate": 0.37246188594235824
          },
          "status": {
            "merged": 8390433571642900,
            "shares": 3124129079864495,
            "size": 3148251742129566
          },
          "price_usd": 0.422029
        },
        {
          "contract_address": "thor1yyca08xqdgvjz0psg56z67ejh9xms6l436u8y58m82npdqqhmmtqrsjrgh",
          "config": {
            "merge_denom": "thor.rkuji",
            "merge_supply": 1000000000000000,
            "ruji_denom": "x/ruji",
            "ruji_allocation": 372461900000000,
            "decay_starts_at": 1746403200.0,
            "decay_ends_at": 1775347200.0,
            "current_rate": 0.3643223482949206,
            "decay_factor_now": 0.9781466192779882,
            "max_rate": 0.3724619
          },
          "status": {
            "merged": 967777728148299,
            "shares": 360415975176274,
            "size": 360722034762464
          },
          "price_usd": 0.422029
        },
        {
          "contract_address": "thor1suhgf5svhu4usrurvxzlgn54ksxmn8gljarjtxqnapv8kjnp4nrsw5xx2d",
          "config": {
            "merge_denom": "thor.fuzn",
            "merge_supply": 17173955200000000,
            "ruji_denom": "x/ruji",
            "ruji_allocation": 155931700000000,
            "decay_starts_at": 1746403200.0,
            "decay_ends_at": 1775347200.0,
            "current_rate": 0.008881126299473097,
            "decay_factor_now": 0.9781466192741497,
            "max_rate": 0.009079545054362316
          },
          "status": {
            "merged": 11198792740757200,
            "shares": 101619175028470,
            "size": 102862848593458
          },
          "price_usd": 0.01021258
        },
        {
          "contract_address": "thor1yw4xvtc43me9scqfr2jr2gzvcxd3a9y4eq7gaukreugw2yd2f8tsz3392y",
          "config": {
            "merge_denom": "thor.wink",
            "merge_supply": 6900000000000000,
            "ruji_denom": "x/ruji",
            "ruji_allocation": 142708400000000,
            "decay_starts_at": 1746403200.0,
            "decay_ends_at": 1775347200.0,
            "current_rate": 0.020230396956724985,
            "decay_factor_now": 0.9781466192696274,
            "max_rate": 0.020682376811594204
          },
          "status": {
            "merged": 6468603435890800,
            "shares": 133782351528149,
            "size": 133980641228399
          },
          "price_usd": 0.01921386
        },
        {
          "contract_address": "thor1cnuw3f076wgdyahssdkd0g3nr96ckq8cwa2mh029fn5mgf2fmcmsmam5ck",
          "config": {
            "merge_denom": "thor.nstk",
            "merge_supply": 6500000000000000,
            "ruji_denom": "x/ruji",
            "ruji_allocation": 144429800000000,
            "decay_starts_at": 1746403200.0,
            "decay_ends_at": 1775347200.0,
            "current_rate": 0.021734387783269152,
            "decay_factor_now": 0.978146619265756,
            "max_rate": 0.02221996923076923
          },
          "status": {
            "merged": 4286770884128100,
            "shares": 95177096061869,
            "size": 96323797558991
          },
          "price_usd": 0.01568
        },
        {
          "contract_address": "thor1ltd0maxmte3xf4zshta9j5djrq9cl692ctsp9u5q0p9wss0f5lms7us4yf",
          "config": {
            "merge_denom": "thor.lvn",
            "merge_supply": 69525835400000000,
            "ruji_denom": "x/ruji",
            "ruji_allocation": 500000000000000,
            "decay_starts_at": 1746403200.0,
            "decay_ends_at": 1775347200.0,
            "current_rate": 0.007034411119510435,
            "decay_factor_now": 0.9781466192618844,
            "max_rate": 0.0071915712644568955
          },
          "status": {
            "merged": 40486424012449800,
            "shares": 291082266057571,
            "size": 295387814193246
          },
          "price_usd": 0.00849943
        }
      ],
      "all_denoms": [
        "thor.wink",
        "thor.kuji",
        "thor.fuzn",
        "thor.rkuji",
        "thor.nstk",
        "thor.lvn"
      ],
      "decay_factor": 0.9781466192896604,
      "decay_staring_in_sec": 632524
    },
    "top_txs": [
      {
        "tx_id": "5E3AD40A9A0962383808EA79498913F2DAF6B26D7C552FFCBD196E75793A632C",
        "height": 20835219,
        "from_address": "thor156fmcjwlzgj8gt9h8zh43phmc4p9xmjcyfz00d",
        "from_address_name": "",
        "volume_usd": 380505.241125,
        "amount": 1598325.0,
        "asset": "THOR.KUJI",
        "rate": 0.37246188588488577,
        "decay_factor": 1.0,
        "timestamp": 1745470865,
        "expected_output": 595315.14375696
      },
      {
        "tx_id": "F6F9AC436B17633B2D78E2BE708BC5B561CDD85A0B35ADB384E378112EB1D67D",
        "height": 20821302,
        "from_address": "thor1vf025cg6sk8hqp2mx3s0ldga0tdjjclsspvdru",
        "from_address_name": "test.thor",
        "volume_usd": 241914.23470818004,
        "amount": 1000377.27887,
        "asset": "THOR.KUJI",
        "rate": 0.3724618858849153,
        "decay_factor": 1.0,
        "timestamp": 1745386133,
        "expected_output": 372602.40788434003
      },
      {
        "tx_id": "B25FB6A407D8879B67776B99038F61007317895F3C54838FC7DFA4CB31A40395",
        "height": 20843056,
        "from_address": "thor1vdf2alprlwr7a232unm9hwu04305s0w7sdgdp9",
        "from_address_name": "thor1vdf2alprlwr7a232unm9hwu04305s0w7sdgdp9",
        "volume_usd": 167128.258543715,
        "amount": 34883721.5,
        "asset": "THOR.LVN",
        "rate": 0.007191571264358077,
        "decay_factor": 1.0,
        "timestamp": 1745518824,
        "expected_output": 250868.76913327005
      },
      {
        "tx_id": "ACC3C906142A718ED163670F5E4ECCB572C17F558D59004CECF5C938CD020662",
        "height": 20785403,
        "from_address": "thor1hz59dm9pkknac856h8xyp93cfxvmrmrja79cwn",
        "from_address_name": "thor1hz59dm9pkknac856h8xyp93cfxvmrmrja79cwn",
        "volume_usd": 153271.020425,
        "amount": 633925.0,
        "asset": "THOR.KUJI",
        "rate": 0.37246188588497064,
        "decay_factor": 1.0,
        "timestamp": 1745167689,
        "expected_output": 236112.90100963
      },
      {
        "tx_id": "F5E112DA7531E0AF18B3C75740414C1BBE5A345E396577A367956806852501EA",
        "height": 20852274,
        "from_address": "thor192wtay852g79vdhu05v3z9zcg0m20tqp32pfns",
        "from_address_name": "thor192wtay852g79vdhu05v3z9zcg0m20tqp32pfns",
        "volume_usd": 100481.91635425009,
        "amount": 426365.214024,
        "asset": "THOR.KUJI",
        "rate": 0.37246188588483425,
        "decay_factor": 1.0,
        "timestamp": 1745575444,
        "expected_output": 158804.79169107002
      },
      {
        "tx_id": "EEEC9B200AC0B2D119B983D07BBDACAB299D76C079A374E1EC26D57BE58C92F2",
        "height": 20840070,
        "from_address": "thor1fxkpvmkzaajvaagw56t5ccy924pwc0akgmhydf",
        "from_address_name": "thor1fxkpvmkzaajvaagw56t5ccy924pwc0akgmhydf",
        "volume_usd": 99999.73831335001,
        "amount": 421315.85000000003,
        "asset": "THOR.KUJI",
        "rate": 0.37246188588485335,
        "decay_factor": 1.0,
        "timestamp": 1745500479,
        "expected_output": 156924.09604418
      },
      {
        "tx_id": "9B660E81CD8715D019221832CD08A283C5F7E743D07607D8C7D783419C50BE9B",
        "height": 20801887,